{"cameraMode":{"drawMode":0,"name":"Shaded","section":"Shading Mode"},"sceneLighting":true,"audioPlay":false,"sceneViewState":{"m_AlwaysRefresh":false,"showFog":true,"showSkybox":true,"showFlares":true,"showImageEffects":true,"showParticleSystems":true,"showVisualEffectGraphs":true,"m_FxEnabled":true},"in2DMode":false,"pivot":{"x":0.8741196990013123,"y":-1.9540059566497803,"z":-10.244691848754883},"rotation":{"x":0.11242230236530304,"y":0.7245890498161316,"z":-0.12177100777626038,"w":0.6689602136611939},"size":17.522754669189454,"orthographic":false}